{"train_loss": [0.42914537795054647, 0.36439345079584246, 0.2846644789623186, 0.22039068460512085, 0.2216187309557066, 0.16751179750859976, 0.13358946424721482, 0.18981576697847333, 0.1404154818317594, 0.08129958002366863, 0.043031269048426905, 0.03284139771939824, 0.03288186125095767, 0.022854644988556376, 0.019626004623990067, 0.018783803026492414, 0.031339554630142576, 0.017562934288981195, 0.019373251225824614, 0.016185467749962004, 0.016964585187818154, 0.018546019771549935, 0.016631197756358657, 0.017150265946292494, 0.01807980911252788, 0.0156343087863427, 0.0177973664961547, 0.015396125233782747, 0.020858652578047907, 0.01778801498538889], "val_loss": [0.40402392263058573, 0.3881456241942942, 0.3706654056441039, 0.39379351161187515, 0.33958043475286104, 0.34005975257787213, 0.3662019646362751, 0.34060167154530063, 0.4543682274015737, 0.3016491360576765, 0.31211992875978467, 0.3074770325092686, 0.33280225143244024, 0.348088170831943, 0.3343981357984376, 0.3382859261982958, 0.35558919413506374, 0.338777313855644, 0.33807263159269496, 0.3327381576955304, 0.34466659737790906, 0.338916848538247, 0.3401770621057949, 0.3464869428116799, 0.33788566280964005, 0.35151054293828565, 0.34243145617483606, 0.3484735960928447, 0.34325418033404276, 0.3389966344593631]}