{"train_loss": [0.12420994501498442, 0.11959510767972245, 0.11410450016091854, 0.1030225328068597, 0.07627966362066543, 0.0987799823797046, 0.08076208895265746, 0.04106909527421777, 0.05433338358213518, 0.02515883004916207, 0.013621962965300943, 0.011077753243820605, 0.009784819590714061, 0.008116872370289192, 0.007308211241560146, 0.006396066891356779, 0.006771625988776781, 0.007246282787819857, 0.006797337591125162, 0.007504839354812855, 0.009137279240317054, 0.008269442485540528, 0.006472698102084794, 0.006990082271117419, 0.006618908633806775, 0.009207453627898819, 0.006511971825817838, 0.007506148833498811, 0.0070666909734264744, 0.01016615547647792, 0.006658358989430728, 0.006564131304331588, 0.006556771122789108, 0.0069516436738957365, 0.008202127760838562, 0.010096961031976593, 0.006166891073397087, 0.007428001751807093, 0.005930378255095874, 0.006268063885012505, 0.00629897856388982, 0.006449695435458996, 0.007414902803146268, 0.006393127478727961, 0.008477434175633514, 0.0068790634601977995, 0.006757342597762028, 0.006342707232523043, 0.013676415893067709, 0.006404211959457947], "val_loss": [0.42101978993741795, 0.42764646181240096, 0.393648460660188, 0.4021754080968094, 0.3689653343099053, 0.3945894379285164, 0.3918105378979817, 0.4239265376527328, 0.45761971165484283, 0.4024781915713902, 0.39432164638401446, 0.40621029670364805, 0.4197527966457528, 0.41342426406936283, 0.4147946346943172, 0.41771649022348356, 0.42046056841059, 0.42376844118962254, 0.4177959282410484, 0.4108572220441147, 0.40851430754241846, 0.4161808628437029, 0.4125142650177622, 0.4070850811658602, 0.4211877710702083, 0.4206661757866641, 0.4270316577305948, 0.4214431894570225, 0.4264848085053927, 0.42368612047857823, 0.41524393645204327, 0.4170710708540355, 0.4172322758174687, 0.41330370327978017, 0.41602371378849057, 0.42716407667057865, 0.40586936514455374, 0.4162597623585498, 0.41454234382877075, 0.4145412692030277, 0.4208826922913431, 0.4169889630436501, 0.41345445518845736, 0.42869804875385853, 0.4119644198478909, 0.4118338043458607, 0.4141004737930416, 0.4200980292848726, 0.41720447413581496, 0.42584765481728937]}