{"train_loss": [2.9554811507936507, 1.6931696808527386, 0.8518879508215284, 0.4326088707598429, 0.2574181833437511, 0.17614310944364184, 0.13073858938046864, 0.10073220209469871, 0.07938850724271365, 0.06423100781819177, 0.05293425444572691, 0.044839167435254366, 0.03841370950260806, 0.03313922210936508, 0.029252329249940222], "val_loss": [2.1715443304606845, 1.6128926617758614, 1.3564222284725733, 1.180583391870771, 1.1382081338337489, 1.068842589855194, 1.048434010573796, 1.0380961724690028, 1.007510312965938, 1.0165479608944483, 0.9986985581261771, 0.987537145614624, 0.9768774509429932, 0.9794640370777675, 0.9742321797779628]}